test_7400.jpg,60
test_7401.jpg,23
test_7402.jpg,3
test_7403.jpg,72
test_7404.jpg,23
test_7405.jpg,4
test_7406.jpg,28
test_7407.jpg,57
test_7408.jpg,2
test_7409.jpg,46
test_7410.jpg,74
test_7411.jpg,52
test_7412.jpg,77
test_7413.jpg,41
test_7414.jpg,71
test_7415.jpg,17
test_7416.jpg,19
test_7417.jpg,8
test_7418.jpg,28
test_7419.jpg,75
test_7420.jpg,65
test_7421.jpg,55
test_7422.jpg,46
test_7423.jpg,71
test_7424.jpg,55
test_7425.jpg,23
test_7426.jpg,68
test_7427.jpg,17
test_7428.jpg,19
test_7429.jpg,75
test_7430.jpg,19
test_7431.jpg,39
test_7432.jpg,2
test_7433.jpg,25
test_7434.jpg,71
test_7435.jpg,15
test_7436.jpg,33
test_7437.jpg,55
test_7438.jpg,77
test_7439.jpg,71
test_7440.jpg,54
test_7441.jpg,51
test_7442.jpg,52
test_7443.jpg,2
test_7444.jpg,1
test_7445.jpg,33
test_7446.jpg,7
test_7447.jpg,23
test_7448.jpg,1
test_7449.jpg,28
test_7450.jpg,77
test_7451.jpg,42
test_7452.jpg,51
test_7453.jpg,51
test_7454.jpg,2
test_7455.jpg,65
test_7456.jpg,55
test_7457.jpg,57
test_7458.jpg,71
test_7459.jpg,46
test_7460.jpg,30
test_7461.jpg,71
test_7462.jpg,23
test_7463.jpg,18
test_7464.jpg,41
test_7465.jpg,3
test_7466.jpg,7
test_7467.jpg,2
test_7468.jpg,2
test_7469.jpg,26
test_7470.jpg,45
test_7471.jpg,46
test_7472.jpg,46
test_7473.jpg,55
test_7474.jpg,71
test_7475.jpg,41
test_7476.jpg,8
test_7477.jpg,2
test_7478.jpg,61
test_7479.jpg,75
test_7480.jpg,72
test_7481.jpg,58
test_7482.jpg,15
test_7483.jpg,43
test_7484.jpg,71
test_7485.jpg,71
test_7486.jpg,68
test_7487.jpg,2
test_7488.jpg,7
test_7489.jpg,17
test_7490.jpg,71
test_7491.jpg,1
test_7492.jpg,10
test_7493.jpg,7
test_7494.jpg,14
test_7495.jpg,59
test_7496.jpg,46
test_7497.jpg,2
test_7498.jpg,4
test_7499.jpg,19
test_7500.jpg,41
test_7501.jpg,46
test_7502.jpg,49
test_7503.jpg,28
test_7504.jpg,2
test_7505.jpg,1
test_7506.jpg,60
test_7507.jpg,28
test_7508.jpg,7
test_7509.jpg,25
test_7510.jpg,9
test_7511.jpg,16
test_7512.jpg,34
test_7513.jpg,38
test_7514.jpg,76
test_7515.jpg,17
test_7516.jpg,65
test_7517.jpg,10
test_7518.jpg,56
test_7519.jpg,40
test_7520.jpg,12
test_7521.jpg,9
test_7522.jpg,78
test_7523.jpg,53
test_7524.jpg,71
test_7525.jpg,71
test_7526.jpg,41
test_7527.jpg,41
test_7528.jpg,34
test_7529.jpg,43
test_7530.jpg,1
test_7531.jpg,1
test_7532.jpg,75
test_7533.jpg,39
test_7534.jpg,71
test_7535.jpg,14
test_7536.jpg,12
test_7537.jpg,71
test_7538.jpg,10
test_7539.jpg,41
test_7540.jpg,9
test_7541.jpg,46
test_7542.jpg,24
test_7543.jpg,17
test_7544.jpg,71
test_7545.jpg,71
test_7546.jpg,28
test_7547.jpg,46
test_7548.jpg,42
test_7549.jpg,25
test_7550.jpg,44
test_7551.jpg,19
test_7552.jpg,71
test_7553.jpg,41
test_7554.jpg,32
test_7555.jpg,2
test_7556.jpg,43
test_7557.jpg,12
test_7558.jpg,6
test_7559.jpg,72
test_7560.jpg,41
test_7561.jpg,46
test_7562.jpg,66
test_7563.jpg,69
test_7564.jpg,71
test_7565.jpg,46
test_7566.jpg,44
test_7567.jpg,74
test_7568.jpg,44
test_7569.jpg,28
test_7570.jpg,49
test_7571.jpg,12
test_7572.jpg,19
test_7573.jpg,23
test_7574.jpg,69
test_7575.jpg,34
test_7576.jpg,47
test_7577.jpg,52
test_7578.jpg,6
test_7579.jpg,28
test_7580.jpg,41
test_7581.jpg,51
test_7582.jpg,54
test_7583.jpg,28
test_7584.jpg,69
test_7585.jpg,39
test_7586.jpg,71
test_7587.jpg,16
test_7588.jpg,3
test_7589.jpg,15
test_7590.jpg,19
test_7591.jpg,3
test_7592.jpg,7
test_7593.jpg,22
test_7594.jpg,21
test_7595.jpg,77
test_7596.jpg,15
test_7597.jpg,71
test_7598.jpg,71
test_7599.jpg,44
test_7600.jpg,45
test_7601.jpg,9
test_7602.jpg,32
test_7603.jpg,40
test_7604.jpg,69
test_7605.jpg,28
test_7606.jpg,41
test_7607.jpg,66
test_7608.jpg,71
test_7609.jpg,66
test_7610.jpg,2
test_7611.jpg,37
test_7612.jpg,71
test_7613.jpg,41
test_7614.jpg,16
test_7615.jpg,4
test_7616.jpg,71
test_7617.jpg,12
test_7618.jpg,28
test_7619.jpg,77
test_7620.jpg,2
test_7621.jpg,60
test_7622.jpg,55
test_7623.jpg,44
test_7624.jpg,60
test_7625.jpg,71
test_7626.jpg,53
test_7627.jpg,71
test_7628.jpg,54
test_7629.jpg,12
test_7630.jpg,17
test_7631.jpg,71
test_7632.jpg,55
test_7633.jpg,46
test_7634.jpg,39
test_7635.jpg,71
test_7636.jpg,71
test_7637.jpg,60
test_7638.jpg,11
test_7639.jpg,2
test_7640.jpg,42
test_7641.jpg,15
test_7642.jpg,53
test_7643.jpg,19
test_7644.jpg,70
test_7645.jpg,46
test_7646.jpg,51
test_7647.jpg,17
test_7648.jpg,39
test_7649.jpg,80
test_7650.jpg,33
test_7651.jpg,71
test_7652.jpg,47
test_7653.jpg,3
